[
  {
    "id": "mcd-001",
    "ticker": "MCD",
    "n": "McDonald's",
    "a": "Times Square, New York, NY",
    "lat": 40.758,
    "lng": -73.9855,
    "s": 75,
    "at": {
      "walkScore": 99,
      "transitScore": 100,
      "bikeScore": 89
    },
    "address": "City of New York, New York, 10019",
    "display_name": "7th Avenue, Times Square, Manhattan Community Board 5, Manhattan, New York County, City of New York, New York, 10019, United States",
    "country": "United States"
  },
  {
    "id": "mcd-002",
    "ticker": "MCD",
    "n": "McDonald's",
    "a": "Herald Square, New York, NY",
    "lat": 40.7484,
    "lng": -73.9857,
    "s": 75,
    "at": {
      "walkScore": 100,
      "transitScore": 100,
      "bikeScore": 92
    },
    "address": "City of New York, New York, 10118",
    "display_name": "WBAI-FM (New York), 350, 5th Avenue, Koreatown, Manhattan Community Board 5, Manhattan, New York County, City of New York, New York, 10118, United States",
    "country": "United States"
  },
  {
    "id": "mcd-003",
    "ticker": "MCD",
    "n": "McDonald's",
    "a": "Midtown East, New York, NY",
    "lat": 40.7614,
    "lng": -73.9776,
    "s": 75,
    "at": {
      "walkScore": 98,
      "transitScore": 99,
      "bikeScore": 87
    },
    "address": "City of New York, New York, 10019",
    "display_name": "11, West 53rd Street, Midtown East, Manhattan Community Board 5, Manhattan, New York County, City of New York, New York, 10019, United States",
    "country": "United States"
  },
  {
    "id": "mcd-004",
    "ticker": "MCD",
    "n": "McDonald's",
    "a": "Chicago Loop, IL",
    "lat": 41.8781,
    "lng": -87.6298,
    "s": 75,
    "at": {
      "walkScore": 98,
      "transitScore": 100,
      "bikeScore": 85
    },
    "address": "Chicago, Illinois, 60604",
    "display_name": "314, South Federal Street, Printer's Row, Loop, Chicago, South Chicago Township, Cook County, Illinois, 60604, United States",
    "country": "United States"
  },
  {
    "id": "mcd-005",
    "ticker": "MCD",
    "n": "McDonald's",
    "a": "Magnificent Mile, Chicago, IL",
    "lat": 41.8827,
    "lng": -87.6233,
    "s": 75,
    "at": {
      "walkScore": 97,
      "transitScore": 95,
      "bikeScore": 82
    },
    "address": "Chicago, Illinois, 60603",
    "display_name": "AT&T Plaza, Jewelers Row, Loop, Chicago, South Chicago Township, Cook County, Illinois, 60603, United States",
    "country": "United States"
  },
  {
    "id": "mcd-006",
    "ticker": "MCD",
    "n": "McDonald's",
    "a": "Downtown LA, CA",
    "lat": 34.0522,
    "lng": -118.2437,
    "s": 75,
    "at": {
      "walkScore": 91,
      "transitScore": 75,
      "bikeScore": 68
    },
    "address": "Los Angeles, California, 90012",
    "display_name": "Los Angeles Police Department Headquarters, West 1st Street, Civic Center, Downtown, Los Angeles, Los Angeles County, California, 90012, United States",
    "country": "United States"
  },
  {
    "id": "mcd-007",
    "ticker": "MCD",
    "n": "McDonald's",
    "a": "Santa Monica, CA",
    "lat": 34.0195,
    "lng": -118.4912,
    "s": 75,
    "at": {
      "walkScore": 86,
      "transitScore": 58,
      "bikeScore": 88
    },
    "address": "Santa Monica, California, 90401",
    "display_name": "Santa Monica Boulevard, Downtown Santa Monica, Santa Monica, Los Angeles County, California, 90401, United States",
    "country": "United States"
  },
  {
    "id": "mcd-008",
    "ticker": "MCD",
    "n": "McDonald's",
    "a": "San Francisco, CA",
    "lat": 37.7749,
    "lng": -122.4194,
    "s": 75,
    "at": {
      "walkScore": 95,
      "transitScore": 89,
      "bikeScore": 92
    },
    "address": "San Francisco, California, 94103",
    "display_name": "South Van Ness Avenue, Civic Center, San Francisco, California, 94103, United States",
    "country": "United States"
  },
  {
    "id": "mcd-009",
    "ticker": "MCD",
    "n": "McDonald's",
    "a": "Boston Common, MA",
    "lat": 42.3601,
    "lng": -71.0589,
    "s": 75,
    "at": {
      "walkScore": 97,
      "transitScore": 96,
      "bikeScore": 89
    },
    "address": "Boston, Massachusetts, 02203",
    "display_name": "Dock Square, Boston, Suffolk County, Massachusetts, 02203, United States",
    "country": "United States"
  },
  {
    "id": "mcd-010",
    "ticker": "MCD",
    "n": "McDonald's",
    "a": "Fenway, Boston, MA",
    "lat": 42.3467,
    "lng": -71.0972,
    "s": 75,
    "at": {
      "walkScore": 93,
      "transitScore": 88,
      "bikeScore": 85
    },
    "address": "Boston, Massachusetts, 02215",
    "display_name": "Bleacher Bar, 82A, Lansdowne Street, Fenway, Boston, Suffolk County, Massachusetts, 02215, United States",
    "country": "United States"
  },
  {
    "id": "mcd-011",
    "ticker": "MCD",
    "n": "McDonald's",
    "a": "Downtown Seattle, WA",
    "lat": 47.6062,
    "lng": -122.3321,
    "s": 75,
    "at": {
      "walkScore": 96,
      "transitScore": 88,
      "bikeScore": 78
    },
    "address": "Seattle, Washington, 98164",
    "display_name": "Schuchart, 919, 5th Avenue, Central Business District, First Hill, Seattle, King County, Washington, 98164, United States",
    "country": "United States"
  },
  {
    "id": "mcd-012",
    "ticker": "MCD",
    "n": "McDonald's",
    "a": "Phoenix, AZ",
    "lat": 33.4484,
    "lng": -112.074,
    "s": 75,
    "at": {
      "walkScore": 72,
      "transitScore": 48,
      "bikeScore": 62
    },
    "address": "Phoenix, Arizona, 85003",
    "display_name": "2, North Central Avenue, Central City, Phoenix, Maricopa County, Arizona, 85003, United States",
    "country": "United States"
  },
  {
    "id": "mcd-013",
    "ticker": "MCD",
    "n": "McDonald's",
    "a": "Houston, TX",
    "lat": 29.7604,
    "lng": -95.3698,
    "s": 75,
    "at": {
      "walkScore": 85,
      "transitScore": 56,
      "bikeScore": 48
    },
    "address": "Houston, Texas, 77002",
    "display_name": "West Walker Tunnel, Downtown, Houston, Harris County, Texas, 77002, United States",
    "country": "United States"
  },
  {
    "id": "mcd-014",
    "ticker": "MCD",
    "n": "McDonald's",
    "a": "Dallas, TX",
    "lat": 32.7767,
    "lng": -96.797,
    "s": 75,
    "at": {
      "walkScore": 78,
      "transitScore": 52,
      "bikeScore": 45
    },
    "address": "Dallas, Texas, 75242",
    "display_name": "Dallas City Hall, 1500, Marilla Street, Downtown PID, Dallas, Dallas County, Texas, 75242, United States",
    "country": "United States"
  },
  {
    "id": "mcd-015",
    "ticker": "MCD",
    "n": "McDonald's",
    "a": "Miami, FL",
    "lat": 25.7617,
    "lng": -80.1918,
    "s": 75,
    "at": {
      "walkScore": 89,
      "transitScore": 62,
      "bikeScore": 72
    },
    "address": "Miami, Florida, 33131",
    "display_name": "CVS Pharmacy, 1201, Brickell Avenue, Miami, Miami-Dade County, Florida, 33131, United States",
    "country": "United States"
  },
  {
    "id": "mcd-016",
    "ticker": "MCD",
    "n": "McDonald's",
    "a": "Denver, CO",
    "lat": 39.7392,
    "lng": -104.9903,
    "s": 75,
    "at": {
      "walkScore": 88,
      "transitScore": 65,
      "bikeScore": 82
    },
    "address": "Denver, Colorado, 80274",
    "display_name": "Bannock Central Plaza, Golden Triangle, Denver, Colorado, 80274, United States",
    "country": "United States"
  },
  {
    "id": "mcd-017",
    "ticker": "MCD",
    "n": "McDonald's",
    "a": "Las Vegas Strip, NV",
    "lat": 36.1699,
    "lng": -115.1398,
    "s": 75,
    "at": {
      "walkScore": 91,
      "transitScore": 55,
      "bikeScore": 42
    },
    "address": "Las Vegas, Nevada, 89101",
    "display_name": "Rachel's Kitchen, North Las Vegas Boulevard, Fremont East Entertainment District, Downtown Las Vegas, Las Vegas, Clark County, Nevada, 89101, United States",
    "country": "United States"
  },
  {
    "id": "mcd-018",
    "ticker": "MCD",
    "n": "McDonald's",
    "a": "Nashville, TN",
    "lat": 36.1627,
    "lng": -86.7816,
    "s": 75,
    "at": {
      "walkScore": 75,
      "transitScore": 32,
      "bikeScore": 55
    },
    "address": "Nashville, Tennessee, 37219",
    "display_name": "6th Avenue North, Downtown Nashville, Nashville, Davidson County, Middle Tennessee, Tennessee, 37219, United States",
    "country": "United States"
  },
  {
    "id": "mcd-019",
    "ticker": "MCD",
    "n": "McDonald's",
    "a": "Charlotte, NC",
    "lat": 35.2271,
    "lng": -80.8431,
    "s": 75,
    "at": {
      "walkScore": 70,
      "transitScore": 28,
      "bikeScore": 48
    },
    "address": "Charlotte, North Carolina, 28202",
    "display_name": "Industry, East Trade Street, Uptown, Charlotte, Mecklenburg County, North Carolina, 28202, United States",
    "country": "United States"
  },
  {
    "id": "mcd-020",
    "ticker": "MCD",
    "n": "McDonald's",
    "a": "Austin, TX",
    "lat": 30.2672,
    "lng": -97.7431,
    "s": 75,
    "at": {
      "walkScore": 82,
      "transitScore": 42,
      "bikeScore": 72
    },
    "address": "Austin, Texas, 78701",
    "display_name": "Charles Schwab, 501, Congress Avenue, Downtown, Austin, Travis County, Texas, 78701, United States",
    "country": "United States"
  },
  {
    "id": "mcd-021",
    "ticker": "MCD",
    "n": "McDonald's",
    "a": "Kansas City, MO",
    "lat": 39.0997,
    "lng": -94.5786,
    "s": 75,
    "at": {
      "walkScore": 68,
      "transitScore": 35,
      "bikeScore": 52
    },
    "address": "Kansas City, Missouri, 64106",
    "display_name": "1200, Oak Street, Central Business District KC, Downtown Kansas City, Kansas City, Jackson County, Missouri, 64106, United States",
    "country": "United States"
  },
  {
    "id": "mcd-022",
    "ticker": "MCD",
    "n": "McDonald's",
    "a": "Minneapolis, MN",
    "lat": 44.9778,
    "lng": -93.265,
    "s": 75,
    "at": {
      "walkScore": 85,
      "transitScore": 68,
      "bikeScore": 92
    },
    "address": "Minneapolis, Minnesota, 55415",
    "display_name": "Minneapolis Skyway (Tunnel), Minneapolis, Hennepin County, Minnesota, 55415, United States",
    "country": "United States"
  },
  {
    "id": "mcd-023",
    "ticker": "MCD",
    "n": "McDonald's",
    "a": "Washington DC",
    "lat": 38.9072,
    "lng": -77.0369,
    "s": 75,
    "at": {
      "walkScore": 94,
      "transitScore": 85,
      "bikeScore": 78
    },
    "address": "Washington, District of Columbia, 20036",
    "display_name": "Scott Circle Northwest, Downtown, Ward 2, Washington, District of Columbia, 20036, United States",
    "country": "United States"
  },
  {
    "id": "mcd-024",
    "ticker": "MCD",
    "n": "McDonald's",
    "a": "Portland, OR",
    "lat": 45.5051,
    "lng": -122.675,
    "s": 75,
    "at": {
      "walkScore": 92,
      "transitScore": 75,
      "bikeScore": 95
    },
    "address": "Portland, Oregon, 97258",
    "display_name": "Robert Hugh Baldock Freeway, Downtown, Portland, Multnomah County, Oregon, 97258, United States",
    "country": "United States"
  },
  {
    "id": "mcd-025",
    "ticker": "MCD",
    "n": "McDonald's",
    "a": "San Diego, CA",
    "lat": 32.7157,
    "lng": -117.1611,
    "s": 75,
    "at": {
      "walkScore": 85,
      "transitScore": 52,
      "bikeScore": 78
    },
    "address": "San Diego, California, 92101",
    "display_name": "The US Grant, A Luxury Collection Hotel, 326, Broadway, Marina, Gaslamp Quarter, Banker's Hill, San Diego, San Diego County, California, 92101, United States",
    "country": "United States"
  },
  {
    "id": "mcd-026",
    "ticker": "MCD",
    "n": "McDonald's",
    "a": "Queens, NY",
    "lat": 40.7282,
    "lng": -73.7949,
    "s": 75,
    "at": {
      "walkScore": 92,
      "transitScore": 85,
      "bikeScore": 72
    },
    "address": "City of New York, New York, 11366",
    "display_name": "74-26, 175th Street, Fresh Meadows, Queens, Queens County, City of New York, New York, 11366, United States",
    "country": "United States"
  },
  {
    "id": "mcd-027",
    "ticker": "MCD",
    "n": "McDonald's",
    "a": "Brooklyn, NY",
    "lat": 40.6782,
    "lng": -73.9442,
    "s": 75,
    "at": {
      "walkScore": 95,
      "transitScore": 89,
      "bikeScore": 85
    },
    "address": "City of New York, New York, 11203",
    "display_name": "Brooklyn Avenue, Brooklyn, Kings County, City of New York, New York, 11203, United States",
    "country": "United States"
  },
  {
    "id": "mcd-028",
    "ticker": "MCD",
    "n": "McDonald's",
    "a": "Bronx, NY",
    "lat": 40.8448,
    "lng": -73.8648,
    "s": 75,
    "at": {
      "walkScore": 88,
      "transitScore": 78,
      "bikeScore": 65
    },
    "address": "City of New York, New York, 10462",
    "display_name": "1728, Hunt Avenue, Van Nest, The Bronx, Bronx County, City of New York, New York, 10462, United States",
    "country": "United States"
  },
  {
    "id": "mcd-029",
    "ticker": "MCD",
    "n": "McDonald's",
    "a": "Atlanta, GA",
    "lat": 33.749,
    "lng": -84.388,
    "s": 75,
    "at": {
      "walkScore": 82,
      "transitScore": 55,
      "bikeScore": 52
    },
    "address": "Atlanta, Georgia, 30334",
    "display_name": "Miss Freedom, 206, Washington Street Southwest, South Downtown, Atlanta, Fulton County, Georgia, 30334, United States",
    "country": "United States"
  },
  {
    "id": "mcd-030",
    "ticker": "MCD",
    "n": "McDonald's",
    "a": "Philadelphia, PA",
    "lat": 39.9526,
    "lng": -75.1652,
    "s": 75,
    "at": {
      "walkScore": 94,
      "transitScore": 82,
      "bikeScore": 75
    },
    "address": "Philadelphia, Pennsylvania, 19110",
    "display_name": "North 15th Street, Gayborhood, Center City, Philadelphia, Philadelphia County, Pennsylvania, 19110, United States",
    "country": "United States"
  },
  {
    "id": "mcd-031",
    "ticker": "MCD",
    "n": "McDonald's",
    "a": "Detroit, MI",
    "lat": 42.3314,
    "lng": -83.0458,
    "s": 75,
    "at": {
      "walkScore": 72,
      "transitScore": 38,
      "bikeScore": 55
    },
    "address": "Detroit, Michigan, 48226",
    "display_name": "52, Cadillac Square, Greektown, Detroit, Wayne County, Michigan, 48226, United States",
    "country": "United States"
  },
  {
    "id": "mcd-032",
    "ticker": "MCD",
    "n": "McDonald's",
    "a": "Cincinnati, OH",
    "lat": 39.1031,
    "lng": -84.512,
    "s": 75,
    "at": {
      "walkScore": 68,
      "transitScore": 35,
      "bikeScore": 48
    },
    "address": "Cincinnati, Ohio, 45202",
    "display_name": "Metropole, 609, Walnut Street, Main Street Historic District, Central Business District, Cincinnati, Hamilton County, Ohio, 45202, United States",
    "country": "United States"
  },
  {
    "id": "mcd-033",
    "ticker": "MCD",
    "n": "McDonald's",
    "a": "Columbus, OH",
    "lat": 39.9612,
    "lng": -82.9988,
    "s": 75,
    "at": {
      "walkScore": 65,
      "transitScore": 32,
      "bikeScore": 52
    },
    "address": "Columbus, Ohio, 43216",
    "display_name": "Ohio House of Representatives, East State Street, Downtown, Columbus, Franklin County, Ohio, 43216, United States",
    "country": "United States"
  },
  {
    "id": "mcd-034",
    "ticker": "MCD",
    "n": "McDonald's",
    "a": "Cleveland, OH",
    "lat": 41.4993,
    "lng": -81.6944,
    "s": 75,
    "at": {
      "walkScore": 72,
      "transitScore": 45,
      "bikeScore": 58
    },
    "address": "Cleveland, Ohio, 44113",
    "display_name": "Superior Avenue, Downtown Cleveland, Cleveland, Cuyahoga County, Ohio, 44113, United States",
    "country": "United States"
  },
  {
    "id": "mcd-035",
    "ticker": "MCD",
    "n": "McDonald's",
    "a": "Pittsburgh, PA",
    "lat": 40.4406,
    "lng": -79.9959,
    "s": 75,
    "at": {
      "walkScore": 78,
      "transitScore": 52,
      "bikeScore": 62
    },
    "address": "Pittsburgh, Pennsylvania, 15219",
    "display_name": "BNY Mellon Center, 500, Grant Street, Chinatown, Downtown, Pittsburgh, Allegheny County, Pennsylvania, 15219, United States",
    "country": "United States"
  },
  {
    "id": "mcd-036",
    "ticker": "MCD",
    "n": "McDonald's",
    "a": "St. Louis, MO",
    "lat": 38.627,
    "lng": -90.1994,
    "s": 75,
    "at": {
      "walkScore": 75,
      "transitScore": 42,
      "bikeScore": 55
    },
    "address": "Saint Louis, Missouri, 63103",
    "display_name": "St. Louis City Hall, 1200, Market Street, Downtown West, Saint Louis, Missouri, 63103, United States",
    "country": "United States"
  },
  {
    "id": "mcd-037",
    "ticker": "MCD",
    "n": "McDonald's",
    "a": "Indianapolis, IN",
    "lat": 39.7684,
    "lng": -86.1581,
    "s": 75,
    "at": {
      "walkScore": 62,
      "transitScore": 28,
      "bikeScore": 45
    },
    "address": "Indianapolis, Indiana, 46204",
    "display_name": "Soldiers and Sailors Monument, 1, Monument Circle, Indianapolis, Marion, Indiana, 46204, United States",
    "country": "United States"
  },
  {
    "id": "mcd-038",
    "ticker": "MCD",
    "n": "McDonald's",
    "a": "Memphis, TN",
    "lat": 35.1495,
    "lng": -90.049,
    "s": 75,
    "at": {
      "walkScore": 55,
      "transitScore": 22,
      "bikeScore": 38
    },
    "address": "Memphis, Tennessee, 38103",
    "display_name": "Vasco A. Smith, Jr. Shelby County Office Building, 157, Poplar Avenue, Lauderdale Courts, Memphis, Shelby County, West Tennessee, Tennessee, 38103, United States",
    "country": "United States"
  },
  {
    "id": "mcd-039",
    "ticker": "MCD",
    "n": "McDonald's",
    "a": "New Orleans, LA",
    "lat": 29.9511,
    "lng": -90.0715,
    "s": 75,
    "at": {
      "walkScore": 82,
      "transitScore": 48,
      "bikeScore": 68
    },
    "address": "New Orleans, Louisiana, 70130",
    "display_name": "335, Carondelet Street, Central Business District, French Quarter, New Orleans, Orleans Parish, Louisiana, 70130, United States",
    "country": "United States"
  },
  {
    "id": "mcd-040",
    "ticker": "MCD",
    "n": "McDonald's",
    "a": "Tampa, FL",
    "lat": 27.9506,
    "lng": -82.4572,
    "s": 75,
    "at": {
      "walkScore": 52,
      "transitScore": 28,
      "bikeScore": 55
    },
    "address": "Tampa, Florida, 33602",
    "display_name": "North Marion Street, Clarkes, Tampa, Hillsborough County, Florida, 33602, United States",
    "country": "United States"
  },
  {
    "id": "mcd-041",
    "ticker": "MCD",
    "n": "McDonald's",
    "a": "Orlando, FL",
    "lat": 28.5383,
    "lng": -81.3792,
    "s": 75,
    "at": {
      "walkScore": 45,
      "transitScore": 22,
      "bikeScore": 48
    },
    "address": "Orlando, Florida, 32801",
    "display_name": "City Common Plaza, Central Business District, Orlando, Orange County, Florida, 32801, United States",
    "country": "United States"
  },
  {
    "id": "mcd-042",
    "ticker": "MCD",
    "n": "McDonald's",
    "a": "Tempe, AZ",
    "lat": 33.4255,
    "lng": -111.94,
    "s": 75,
    "at": {
      "walkScore": 58,
      "transitScore": 32,
      "bikeScore": 82
    },
    "address": "Tempe, Arizona, 85281",
    "display_name": "East 5th Street, Tempe, Maricopa County, Arizona, 85281, United States",
    "country": "United States"
  },
  {
    "id": "mcd-043",
    "ticker": "MCD",
    "n": "McDonald's",
    "a": "Tucson, AZ",
    "lat": 32.2226,
    "lng": -110.9747,
    "s": 75,
    "at": {
      "walkScore": 42,
      "transitScore": 25,
      "bikeScore": 65
    },
    "address": "Tucson, Arizona, 85701",
    "display_name": "West Alameda Street, Tucson, Pima County, Arizona, 85701, United States",
    "country": "United States"
  },
  {
    "id": "mcd-044",
    "ticker": "MCD",
    "n": "McDonald's",
    "a": "Albuquerque, NM",
    "lat": 35.0844,
    "lng": -106.6504,
    "s": 75,
    "at": {
      "walkScore": 48,
      "transitScore": 22,
      "bikeScore": 55
    },
    "address": "Albuquerque, New Mexico, 87102",
    "display_name": "Sunrise Bank, 219, Central Avenue Northwest, Barelas, Albuquerque, Bernalillo County, New Mexico, 87102, United States",
    "country": "United States"
  },
  {
    "id": "mcd-045",
    "ticker": "MCD",
    "n": "McDonald's",
    "a": "Salt Lake City, UT",
    "lat": 40.7608,
    "lng": -111.891,
    "s": 75,
    "at": {
      "walkScore": 68,
      "transitScore": 45,
      "bikeScore": 75
    },
    "address": "Salt Lake City, Utah, 84111",
    "display_name": "Apollo Burger, 379, Main Street, Downtown, Salt Lake City, Salt Lake County, Utah, 84111, United States",
    "country": "United States"
  },
  {
    "id": "mcd-046",
    "ticker": "MCD",
    "n": "McDonald's",
    "a": "Boise, ID",
    "lat": 43.615,
    "lng": -116.2023,
    "s": 75,
    "at": {
      "walkScore": 52,
      "transitScore": 18,
      "bikeScore": 72
    },
    "address": "Boise, Idaho, 83702",
    "display_name": "Perrault Building, 625, West Main Street, Downtown, Boise, Ada County, Idaho, 83702, United States",
    "country": "United States"
  },
  {
    "id": "mcd-047",
    "ticker": "MCD",
    "n": "McDonald's",
    "a": "Sacramento, CA",
    "lat": 38.5816,
    "lng": -121.4944,
    "s": 75,
    "at": {
      "walkScore": 65,
      "transitScore": 35,
      "bikeScore": 78
    },
    "address": "Sacramento, California, 95814",
    "display_name": "La Bou Bakery & Cafe, 900, 9th Street, Downtown, Sacramento, Sacramento County, California, 95814, United States",
    "country": "United States"
  },
  {
    "id": "mcd-048",
    "ticker": "MCD",
    "n": "McDonald's",
    "a": "Fresno, CA",
    "lat": 36.7783,
    "lng": -119.4179,
    "s": 75,
    "at": {
      "walkScore": 42,
      "transitScore": 18,
      "bikeScore": 52
    },
    "address": "California",
    "display_name": "Terrace Avenue, Fresno County, California, United States",
    "country": "United States"
  },
  {
    "id": "mcd-049",
    "ticker": "MCD",
    "n": "McDonald's",
    "a": "San Jose, CA",
    "lat": 37.3382,
    "lng": -121.8863,
    "s": 75,
    "at": {
      "walkScore": 58,
      "transitScore": 38,
      "bikeScore": 72
    },
    "address": "San Jose, California, 95112",
    "display_name": "223, East Santa Clara Street, Horace Mann, San Jose, Santa Clara County, California, 95112, United States",
    "country": "United States"
  },
  {
    "id": "mcd-050",
    "ticker": "MCD",
    "n": "McDonald's",
    "a": "Fremont, CA",
    "lat": 37.5485,
    "lng": -121.9886,
    "s": 75,
    "at": {
      "walkScore": 48,
      "transitScore": 35,
      "bikeScore": 62
    },
    "address": "Fremont, California, 94536",
    "display_name": "Mowry Avenue, Centerville District, Fremont, Alameda County, California, 94536, United States",
    "country": "United States"
  }
]